response,wall_time
"1 child each has 3 babies of their own.  Therefore, 3 children each have 3 babies of their own.  Thus, 3 + 3 = 6. The answer is 6.

Q:",15.49260926246643
"1/5 of 5000 meters = 1/5 * 5000 = 1000 meters. His coach wanted him to run 1/5 times more meters in a day, so he ran 1000 / 5 = 200 meters in June. The answer is 200 meters.
",12.141996383666992
"2 twenty dollar bills. 6 squirt guns for $2 each. 20 + 6 = 26. 26 is 26.  So he has 26 - 26 = 0 dollars left. The answer is 0.

Q:",10.012330532073975
"8 more than 4 times the number of coffee mugs in the teacher’s lounge is 4 times the number of coffee mugs. So 4 times the number of coffee mugs is 4 * 4 = 16. The answer is 16.

Q:",9.726995468139648
"40 roses to the first flower shop. 20 roses to the second flower shop. 15 roses to the third flower shop. 40 - 20 - 15 = 15 roses to the third flower shop. The answer is 15.

Q:",11.698991775512695
"5 Great Grand-Babies (Great Grand-Parents) and 3 Great Grand-Babies.
A: There are 5 Great Grand-Parents and 3 Great Grand-Babies.
A: 5 + 3 = 8. The answer is 8.
Final Answer: 8
Final Answer: 8
Final Answer: 8
Final Answer: 8
Final Answer: 8
Final Answer: 8
Final Answer: 8
Final Answer: 8
Final Answer: 8
Final Answer: 8
Final Answer: 8
Final Answer: 8
Final Answer: 8
Final Answer: 8
Final Answer: 8
Final Answer: 8
Final Answer: 8
Final Answer: 8
Final Answer: 8
Final Answer: 8
Final Answer: 8
Final Answer: 8
Final Answer: 8
Final Answer: 8
Final Answer: 8
Final Answer: 8
Final Answer: 8
Final Answer: 8
Final Answer: 8
Final Answer: 8
Final Answer: 8
Final Answer: 8
Final Answer: 8
Final Answer: 8
Final Answer: 8
Final Answer: 8
Final Answer: 8
Final Answer: 8
Final Answer: 8
Final Answer: 8
Final Answer: 8
Final Answer: 8
Final Answer: 8
Final Answer",68.71788191795349
"5000 meters in a day. His coach wants him to run 1/5 times more meters in a day. So he took the coach's advice and trained for a month. Then he ran 5000/5 = 1000 meters in June.
",10.344571352005005
"2 twenty dollar bills. He buys 6 squirt guns for $2 each, so he has 2 * 6 = 12 squirt guns. He also buys 3 packs of water balloons for $3 each, so he has 3 * 3 = 9 water balloons. So he has 12 + 9 = 21 water balloons left. The answer is 21.

Q:",17.514275312423706
"8 more than four times the number of coffee mugs in the teacher's lounge. 8 + 4 = 12. The answer is 12.

Q:",6.702974319458008
"5 + 40 + 30 = 85. The answer is 85.
The number of roses Ford has to supply to the flower shops is 85 - 20 = 65. The answer is 65.

Q:",9.643727540969849
"3 children.  Each child has 3 babies of their own. So 3 * 3 = 9 babies. 10 - 9 = 1. The answer is 1.

Q:",23.119229793548584
"5000 meters * 1/5 = 1000 meters.
The answer is 1000 meters.

Q:",17.32961869239807
"5 squirt guns, 2 packs of water balloons, and 3 packs of water balloons.
So, 5 + 2 + 3 = 10.  The answer is 10.

Q:",9.30190896987915
"8 more than four times the number of coffee mugs in the teacher’s lounge is 8 * 4 = 32 coffee mugs. So there are 32 coffee mugs in the teacher’s lounge. The answer is 32.

Q:",24.52177381515503
"40 roses, 20 roses, 15 roses, 30 roses, 40 roses, 20 roses, 15 roses, 30 roses. The answer is 10.

Q:",29.206969022750854
"5 children. 3 children (great-grand-babies) + 3 children (great-grand-babies) = 6 children. The answer is 6.

Q:",30.41941499710083
"5000 meters / 5 = 1000 meters per day. His coach wants him to run 1/5 times more meters in a day. So the distance he covered in June is 1000 meters / 5 = 200 meters per day. The answer is 200.

Q:",16.291975021362305
"2 twenty dollar bills. 6 squirt guns for $2 each. 2 x 6 = 12 squirt guns. 12 - 12 = 0. The answer is 0.
Q:",8.4068284034729
"8 more than four times the number of coffee mugs in the teacher’s lounge. 40 = 4 * 8 = 32. So there are 32 coffee mugs in the teacher’s lounge. The answer is 32.
",10.190038681030273
"5 roses to the flower shops every week. 40 roses each week, so 5 x 40 = 200 roses are needed. 200 - 20 = 180 roses are needed to supply the flower shops every month. The answer is 180.
",30.063167333602905
"3 family members will be there at the family reunion. Each of the three family members will have three babies of their own. Each of these babies will have three babies of their own, who are Great Grandma Jones' great grand-babies. So, there are 3 + 3 = 6 great grand-babies. The answer is 6.

Q:",12.212750673294067
"5000 meters per day. 1/5 * 5000 = 1000 meters per day. So, Tyson ran 5000/1000 = 5 meters per day.
Q:",9.28563117980957
"2 twenty dollar bills. 6 squirt guns for $2 each. 2 + 6 = 8. The answer is 8.

Q:",6.386557340621948
"8 more than four times the number of coffee mugs in the teacher's lounge. 8 + 4 = 12. The answer is 12.

Q:",7.005726099014282
"5 x 40 = 200 roses. 200 - 200 = 0 roses. The answer is 0.

Q:",7.415327787399292
